,w,C,gamma,accuracy
fold_id0,5e-01,1000.0,1.0,0.8672566371681416
fold_id1,0.6,1000.0,1.0,0.8230088495575221
fold_id2,0.5,1000.0,1.0,0.7433628318584071
fold_id3,0.55,1000.0,1.0,0.7699115044247787
fold_id4,0.45,100.0,1.0,0.7876106194690266
fold_id5,0.55,1000.0,10.0,0.7433628318584071
fold_id6,0.6,1000.0,1.0,0.7589285714285714
fold_id7,0.15,1000.0,1.0,0.8214285714285714
fold_id8,0.65,1000.0,1.0,0.7232142857142857
fold_id9,0.55,1000.0,1.0,0.7589285714285714
