,w,C,gamma,accuracy
fold_id0,0.4,1.0,10.0,0.6285714285714286
fold_id1,0.4,1.0,10.0,0.6285714285714286
fold_id2,0.4,1.0,10.0,0.5714285714285714
fold_id3,0.4,1.0,10.0,0.6857142857142857
fold_id4,0.4,1.0,10.0,0.5882352941176471
fold_id5,0.4,1.0,10.0,0.5882352941176471
fold_id6,0.4,1.0,10.0,0.7941176470588235
fold_id7,0.4,1.0,10.0,0.6176470588235294
fold_id8,0.4,1.0,10.0,0.6470588235294118
fold_id9,0.4,1.0,10.0,0.7058823529411765
