,fold,w,C,gamma,accuracy
0,fold_id0,0.0,1000.0,1.0,0.7256637168141593
1,fold_id1,0.0,1000.0,1.0,0.6991150442477876
2,fold_id2,0.0,1000.0,1.0,0.7256637168141593
3,fold_id3,0.0,1000.0,1.0,0.7256637168141593
4,fold_id4,0.0,100.0,1.0,0.7522123893805309
5,fold_id5,0.0,1000.0,10.0,0.5663716814159292
6,fold_id6,0.0,1000.0,1.0,0.6785714285714286
7,fold_id7,0.0,1000.0,1.0,0.7321428571428571
8,fold_id8,0.0,1000.0,1.0,0.7410714285714286
9,fold_id9,0.0,1000.0,1.0,0.6875
