,w,C,gamma,accuracy
fold_id0,0.3,10.0,0.1,0.75
fold_id1,0.3,10.0,0.1,0.7410714285714286
fold_id2,0.3,10.0,0.1,0.7477477477477478
fold_id3,0.3,10.0,0.1,0.7387387387387387
fold_id4,0.3,10.0,0.1,0.7297297297297297
fold_id5,0.3,10.0,0.1,0.7297297297297297
fold_id6,0.3,10.0,0.1,0.7657657657657657
fold_id7,0.3,10.0,0.1,0.7567567567567568
fold_id8,0.3,10.0,0.1,0.7207207207207207
fold_id9,0.3,10.0,0.1,0.7747747747747747
