,w,C,gamma,accuracy
fold_id0,3.0000000000000004e-01,1000.0,1.0,0.8141592920353983
